nis,name,class_group
11816,AIDA DWI RIANA PUTRI,11 PPLG 2
11817,ALAIS LUTFI NAFISAH BILQIS,11 PPLG 2
11818,ALFIAN DZAKY RAMADHAN,11 PPLG 2
11819,ALYAA KHALISHA PUTRI,11 PPLG 2
11820,ANINDIKA NAILA SUJA,11 PPLG 2
11821,AQILA DALILATISYA,11 PPLG 2
11822,AURORA ZIFARA WULANDARI,11 PPLG 2
11823,CINDY CAHYA AMIKA PAMBUDI,11 PPLG 2
11824,CLAVINO AR-RAFII PRASETYO,11 PPLG 2
11825,CLOUDYA APRILIA ANGGREANI,11 PPLG 2
11826,DENIA PRIMISANI SHOFI,11 PPLG 2
11827,EKA PUTRA PURANDRITA,11 PPLG 2
11828,FASYA ANINDIA PUTRI,11 PPLG 2
11829,GENDHIS ROSE PANDANWANGI,11 PPLG 2
11830,IBNU ZAKY AHMAD HAIDAR,11 PPLG 2
11831,KARTIKA SULISTYOWATI,11 PPLG 2
11832,KEISHA PUTRI RATRI,11 PPLG 2
11833,MAHARANI ROSYADAH NAJAH,11 PPLG 2
11834,MUHAMAD RAMADHAN WAHYU PRATAMA,11 PPLG 2
11835,MUHAMMAD AZIS,11 PPLG 2
11836,MUHAMMAD TEGAR KURNIAWAN,11 PPLG 2
11837,MUHAMMAD YUSUF NARATAMA,11 PPLG 2
11838,NAIL AUN FAHD AL ROSYID,11 PPLG 2
11839,NAILA APRINZA,11 PPLG 2
11840,RADITYA RAYHAN YOGISWARA,11 PPLG 2
11841,RAIHAN YUSUF HABIBI,11 PPLG 2
11842,RASYA SATRIA WIBAWA,11 PPLG 2
11843,RAVIDYA SATRIO ADI,11 PPLG 2
11844,SHAFANIRA RISMA MULYA,11 PPLG 2
11845,SHESANATA RAF SANJANI,11 PPLG 2
11846,SHIFA RAHMA MAYSANI,11 PPLG 2
11847,SILA RAMADANI,11 PPLG 2
11848,SYAUQI ATHAYA RAMADHANI,11 PPLG 2
11849,TANIA CAHYONO,11 PPLG 2
11850,TSABITA TERU NABIL GHAZIYAH,11 PPLG 2
11851,ZHISKIND TARAKA ABRAR,11 PPLG 2
